count,1
mean,14166.239506198008
stddev,NaN
min,14166.239506198008
max,14166.239506198008
