count,1
mean,0.8622273632228141
stddev,NaN
min,0.8622273632228141
max,0.8622273632228141
