count,2
mean,11085.751031857519
stddev,3087.8943642954696
min,8902.279987276468
max,13269.222076438567
