count,10
mean,1.3266806580184813
stddev,0.44444313016708714
min,0.9024214256178669
max,1.814428176674434
